<!-- =================================================================================
     This script generates XML Schemas from COBOL Structures.
 -->
<project basedir=".." default="cob2xsd" name="translate-cobol-structure-to-xsd">

    <!-- ===========================================================  -->
    <!-- Setup environment
    -->
    <target name="init">
    
        <property environment="env"/>
        <!-- LegStar location -->
        <property name="legstar.home" value="${env.LEGSTAR_HOME}" />

        <!-- Location of input COBOL source code  -->
        <property name="cobol.dir" value="cobol"/>

        <!-- Location of output XML Schemas  -->
        <property name="xsd.dir" value="schema"/>
        <mkdir dir="${xsd.dir}"/>

        <!-- COBOL Structure to XSD translator ant task  -->
        <taskdef name="cob2xsd"
            classname="com.legstar.cob2xsd.Cob2XsdTask">
            <classpath>
                <pathelement location="${basedir}"/>
                <fileset dir="${legstar.home}" includes="lib/*.jar"/>
            </classpath>
        </taskdef>
    
    </target>

    <!-- ===========================================================  -->
    <!-- Generate XML Schemas
    -->
    <target name="cob2xsd" depends="init">
        <cob2xsd target="${xsd.dir}"
            targetNamespace="http://legstar.com/test/coxb/lsfileae"
            addLegStarAnnotations="true"
        >
            <fileset file="${cobol.dir}/lsfileae"/>
        </cob2xsd>
    </target>
  
</project>